"","latitude","longitude","zipcode","city.x","zip","city.y","state"
"1",34.1006864873261,-118.364203583299,NA,"LA",NA,NA,NA
"2",40.6690258113519,-73.9770790507076,NA,"NYC",NA,NA,NA
"3",40.7046849294038,-74.0072246746159,NA,"NYC",NA,NA,NA
"4",38.9397083362782,-76.994113264095,NA,"DC",NA,NA,NA
"5",34.0683474734878,-118.373981087094,NA,"LA",NA,NA,NA
"6",40.6989487946344,-73.9135695818931,NA,"NYC",NA,NA,NA
"7",38.9073105947231,-77.0613575609117,NA,"DC",NA,NA,NA
"8",40.7387526326124,-73.9868321554771,NA,"NYC",NA,NA,NA
"9",40.5758389380359,-73.9684065646991,NA,"NYC",NA,NA,NA
"10",40.7108041230923,-73.9989062407752,NA,"NYC",NA,NA,NA
"11",34.1674341478457,-118.393037301278,NA,"LA",NA,NA,NA
"12",40.6523674598585,-73.9587818140341,NA,"NYC",NA,NA,NA
"13",40.6352720663501,-74.0067707839102,NA,"NYC",NA,NA,NA
"14",40.6668741338221,-73.9561939995309,NA,"NYC",NA,NA,NA
"15",34.0881094327008,-118.305279668633,NA,"LA",NA,NA,NA
"16",40.6693097812588,-73.9362746984678,NA,"NYC",NA,NA,NA
"17",40.7160510505223,-73.9518010871624,NA,"NYC",NA,NA,NA
"18",41.7738393500176,-87.5931063063156,NA,"Chicago",NA,NA,NA
"19",37.7857000292174,-122.444650565225,NA,"SF",NA,NA,NA
"20",40.7111098936193,-73.9168935523769,NA,"NYC",NA,NA,NA
"21",40.8331365647865,-73.9188830556578,NA,"NYC",NA,NA,NA
"22",42.3178166860894,-71.0913548402505,NA,"Boston",NA,NA,NA
"23",40.707889973709,-74.0076056300146,NA,"NYC",NA,NA,NA
"24",34.1351310219561,-117.904154982819,NA,"LA",NA,NA,NA
"25",40.7178012554857,-73.9850367361827,NA,"NYC",NA,NA,NA
"26",41.8717972900472,-87.627445885122,NA,"Chicago",NA,NA,NA
"27",40.7241090008646,-73.9908178822248,NA,"NYC",NA,NA,NA
"28",38.9188647162099,-77.0144336144366,NA,"DC",NA,NA,NA
"29",40.7220678308666,-74.0023200772923,NA,"NYC",NA,NA,NA
"30",37.7645072093018,-122.422749047589,NA,"SF",NA,NA,NA
"31",34.043588728859,-118.262828915749,NA,"LA",NA,NA,NA
"32",34.0438631116687,-118.450456447659,NA,"LA",NA,NA,NA
"33",40.7673043711235,-73.9604252431286,NA,"NYC",NA,NA,NA
"34",38.9178958908795,-77.0230820004798,NA,"DC",NA,NA,NA
"35",34.1031246064839,-118.330656908122,NA,"LA",NA,NA,NA
"36",38.9130206987271,-77.0321767952436,NA,"DC",NA,NA,NA
"37",33.9778584243845,-118.465622110749,NA,"LA",NA,NA,NA
"38",40.7765567527713,-73.909933828256,NA,"NYC",NA,NA,NA
"39",34.0565373087546,-118.391629966728,NA,"LA",NA,NA,NA
"40",34.0269247222729,-117.80532391838,NA,"LA",NA,NA,NA
"41",40.682639624657,-73.9423819423016,NA,"NYC",NA,NA,NA
"42",40.694451861671,-73.9382814507275,NA,"NYC",NA,NA,NA
"43",33.8730644583312,-118.378664466137,NA,"LA",NA,NA,NA
"44",33.7651244722325,-118.177493360052,NA,"LA",NA,NA,NA
"45",40.695117939681,-73.926239623646,NA,"NYC",NA,NA,NA
"46",34.1656501995932,-118.518977120558,NA,"LA",NA,NA,NA
"47",40.7516634689879,-73.9950574024128,NA,"NYC",NA,NA,NA
"48",38.9092145178923,-77.0315834907515,NA,"DC",NA,NA,NA
"49",34.0387117723998,-118.21342941659,NA,"LA",NA,NA,NA
"50",40.7444637767698,-73.9990811312168,NA,"NYC",NA,NA,NA
"51",37.7767151703477,-122.472218481958,NA,"SF",NA,NA,NA
"52",34.1048262634202,-118.191269651473,NA,"LA",NA,NA,NA
"53",38.9100233257023,-77.0655841567781,NA,"DC",NA,NA,NA
"54",41.9059652811827,-87.6735115261236,NA,"Chicago",NA,NA,NA
"55",40.7058349753188,-73.9410954398316,NA,"NYC",NA,NA,NA
"56",37.7886148361445,-122.414928175943,NA,"SF",NA,NA,NA
"57",34.0938825862472,-118.365637888054,NA,"LA",NA,NA,NA
"58",37.773305730824,-122.41261495668,NA,"SF",NA,NA,NA
"59",42.3446012220623,-71.073975735842,NA,"Boston",NA,NA,NA
"60",42.3506656188602,-71.0791528156892,NA,"Boston",NA,NA,NA
"61",38.8859587933741,-76.9842427400291,NA,"DC",NA,NA,NA
"62",34.0494691549434,-118.460386415405,NA,"LA",NA,NA,NA
"63",40.7210399035354,-73.9829750406475,NA,"NYC",NA,NA,NA
"64",40.8241106919881,-73.9440441319819,NA,"NYC",NA,NA,NA
"65",40.7991403800271,-73.9515900588109,NA,"NYC",NA,NA,NA
"66",40.7500538175359,-73.9989787545564,NA,"NYC",NA,NA,NA
"67",34.0718583026193,-118.381429199571,NA,"LA",NA,NA,NA
"68",40.8218323755327,-73.9378009639427,NA,"NYC",NA,NA,NA
"69",37.783905032127,-122.411914500209,NA,"SF",NA,NA,NA
"70",37.7699681351492,-122.392576060058,NA,"SF",NA,NA,NA
"71",40.7227114075735,-73.9951769523072,NA,"NYC",NA,NA,NA
"72",42.3361851445492,-71.0734214558092,NA,"Boston",NA,NA,NA
"73",38.9368375281585,-76.9935482335772,NA,"DC",NA,NA,NA
"74",40.7257214410457,-73.9814360742719,NA,"NYC",NA,NA,NA
"75",37.7277411020584,-122.393276711405,NA,"SF",NA,NA,NA
"76",40.7846905993756,-73.9502767491197,NA,"NYC",NA,NA,NA
"77",34.0205451941448,-118.4058164725,NA,"LA",NA,NA,NA
"78",34.0672045932848,-118.3543850458,NA,"LA",NA,NA,NA
"79",34.0461244544977,-118.251090721761,NA,"LA",NA,NA,NA
"80",38.9288692856632,-77.0360349355171,NA,"DC",NA,NA,NA
"81",34.1284477951269,-118.074282455515,NA,"LA",NA,NA,NA
"82",40.7439872066442,-73.9532112391884,NA,"NYC",NA,NA,NA
"83",40.799465368399,-73.93958973977,NA,"NYC",NA,NA,NA
"84",42.37972785997,-71.0342423551405,NA,"Boston",NA,NA,NA
"85",40.7195530948637,-73.9604879768858,NA,"NYC",NA,NA,NA
"86",40.6563354632941,-73.9584624264678,NA,"NYC",NA,NA,NA
"87",34.0479345791669,-118.258155907683,NA,"LA",NA,NA,NA
"88",34.0184684233304,-118.392184140438,NA,"LA",NA,NA,NA
"89",34.0513029603132,-118.244457264829,NA,"LA",NA,NA,NA
"90",40.5778835180638,-73.9690498667849,NA,"NYC",NA,NA,NA
"91",34.1632997261554,-118.163374692397,NA,"LA",NA,NA,NA
"92",40.713277222916,-74.0048662818524,NA,"NYC",NA,NA,NA
"93",38.9017641064847,-76.9860931011936,NA,"DC",NA,NA,NA
"94",34.0395149225651,-118.447929821661,NA,"LA",NA,NA,NA
"95",38.9119820459139,-77.0539012289698,NA,"DC",NA,NA,NA
"96",40.6884561001466,-73.9177013308307,NA,"NYC",NA,NA,NA
"97",37.7976055335909,-122.422622724077,NA,"SF",NA,NA,NA
"98",40.7206904222663,-73.9545329186077,NA,"NYC",NA,NA,NA
"99",34.1541539963947,-118.457189128599,NA,"LA",NA,NA,NA
"100",40.6875620237746,-74.0041336299381,NA,"NYC",NA,NA,NA
"101",40.7126367289359,-73.9429134524684,NA,"NYC",NA,NA,NA
"102",33.9953924420017,-118.464134687621,NA,"LA",NA,NA,NA
"103",40.8335163349353,-73.9372932871842,NA,"NYC",NA,NA,NA
"104",40.7744868930731,-73.9902773429492,NA,"NYC",NA,NA,NA
"105",40.6794762657941,-73.9998607326001,NA,"NYC",NA,NA,NA
"106",40.6434816869428,-73.9641031931698,NA,"NYC",NA,NA,NA
"107",37.7737415747136,-122.391502677925,NA,"SF",NA,NA,NA
"108",34.005570395318,-118.445568072894,NA,"LA",NA,NA,NA
"109",38.93534080405,-77.0578386765502,NA,"DC",NA,NA,NA
"110",33.7655486807647,-118.180514485527,NA,"LA",NA,NA,NA
"111",38.9387316948788,-77.0600937598566,NA,"DC",NA,NA,NA
"112",40.745527935558,-73.9978439240834,NA,"NYC",NA,NA,NA
"113",34.1520882164087,-118.754532029873,NA,"LA",NA,NA,NA
"114",40.7205669161515,-73.9833967985023,NA,"NYC",NA,NA,NA
"115",40.7956592443311,-73.9440364288914,NA,"NYC",NA,NA,NA
"116",40.8698011575882,-73.9225478676734,NA,"NYC",NA,NA,NA
"117",40.7496080555662,-73.9784590764486,NA,"NYC",NA,NA,NA
"118",34.0804322180762,-117.833803637491,NA,"LA",NA,NA,NA
"119",34.4375489577678,-118.404023246337,NA,"LA",NA,NA,NA
"120",33.8706988376138,-118.18902333022,NA,"LA",NA,NA,NA
"121",37.7786890184611,-122.469562483261,NA,"SF",NA,NA,NA
"122",40.7206373956521,-73.9962890757079,NA,"NYC",NA,NA,NA
"123",33.8673922877576,-118.188771341252,NA,"LA",NA,NA,NA
"124",41.9041616000753,-87.629438906313,NA,"Chicago",NA,NA,NA
"125",33.9792440136973,-118.451084711251,NA,"LA",NA,NA,NA
"126",40.8015063003391,-73.965944963071,NA,"NYC",NA,NA,NA
"127",40.7101444627947,-73.9587109084089,NA,"NYC",NA,NA,NA
"128",34.0251612112287,-118.500340800734,NA,"LA",NA,NA,NA
"129",34.0522709069629,-118.24378949467,NA,"LA",NA,NA,NA
"130",37.7975025707239,-122.400251023158,NA,"SF",NA,NA,NA
"131",40.7456433897389,-73.9765826700542,NA,"NYC",NA,NA,NA
"132",34.0788562676447,-118.392691922907,NA,"LA",NA,NA,NA
"133",40.7454657881216,-73.9318416669997,NA,"NYC",NA,NA,NA
"134",40.7072602206014,-74.0059900718465,NA,"NYC",NA,NA,NA
"135",40.7070437727741,-73.9376250812333,NA,"NYC",NA,NA,NA
"136",38.9217088759691,-77.0456641595043,NA,"DC",NA,NA,NA
"137",34.1319898267439,-118.205843467509,NA,"LA",NA,NA,NA
"138",34.0260528092763,-118.209538330364,NA,"LA",NA,NA,NA
"139",40.7119762151424,-73.9611438481239,NA,"NYC",NA,NA,NA
"140",38.9287152143336,-77.0222892868407,NA,"DC",NA,NA,NA
"141",40.7627597328676,-73.9977309437762,NA,"NYC",NA,NA,NA
"142",33.9957297481673,-118.477395658724,NA,"LA",NA,NA,NA
"143",37.786585062351,-122.389761738564,NA,"SF",NA,NA,NA
"144",41.9042920782758,-87.6767368977668,NA,"Chicago",NA,NA,NA
"145",40.7576178572365,-73.9850872902189,NA,"NYC",NA,NA,NA
"146",34.0289049077321,-118.401420289737,NA,"LA",NA,NA,NA
"147",40.6434678714635,-73.9926724601245,NA,"NYC",NA,NA,NA
"148",38.881288884083,-77.0238059131477,NA,"DC",NA,NA,NA
"149",40.7618855738496,-73.9225031735778,NA,"NYC",NA,NA,NA
"150",40.743977983952,-73.9966431856435,NA,"NYC",NA,NA,NA
"151",37.7912417588566,-122.418109420004,NA,"SF",NA,NA,NA
"152",40.7125414022046,-73.9380602799676,NA,"NYC",NA,NA,NA
"153",34.0585248019307,-118.398818534935,NA,"LA",NA,NA,NA
"154",34.0502180019113,-118.458587388856,NA,"LA",NA,NA,NA
"155",40.7402339715143,-74.002697018323,NA,"NYC",NA,NA,NA
"156",33.9960411992264,-118.445980041957,NA,"LA",NA,NA,NA
"157",40.6881646124028,-73.9536380691138,NA,"NYC",NA,NA,NA
"158",40.7616297064592,-73.9104416626722,NA,"NYC",NA,NA,NA
"159",38.903587190542,-77.0259373947203,NA,"DC",NA,NA,NA
"160",40.7580261985788,-73.9715972103402,NA,"NYC",NA,NA,NA
"161",38.90309881047,-77.0042099443016,NA,"DC",NA,NA,NA
"162",38.9548716673523,-77.0352391911947,NA,"DC",NA,NA,NA
"163",40.7205675638336,-73.9626633039353,NA,"NYC",NA,NA,NA
"164",40.8264891513837,-73.9454463246345,NA,"NYC",NA,NA,NA
"165",34.0779981907854,-118.691650972575,NA,"LA",NA,NA,NA
"166",40.7669672608863,-73.985737463851,NA,"NYC",NA,NA,NA
"167",34.1454341341896,-118.632022411892,NA,"LA",NA,NA,NA
"168",38.9095855196404,-77.0272627772717,NA,"DC",NA,NA,NA
"169",34.0879677637253,-118.27409358591,NA,"LA",NA,NA,NA
"170",34.0922626569873,-118.326676921035,NA,"LA",NA,NA,NA
"171",41.8949450307339,-87.6494163337424,NA,"Chicago",NA,NA,NA
"172",33.9891932289959,-118.414283661957,NA,"LA",NA,NA,NA
"173",34.0902601553118,-118.295505342157,NA,"LA",NA,NA,NA
"174",40.7807415433367,-73.9523301003535,NA,"NYC",NA,NA,NA
"175",34.0816698699796,-118.342455558873,NA,"LA",NA,NA,NA
"176",40.7640419236004,-73.925362573532,NA,"NYC",NA,NA,NA
"177",40.6626767464378,-73.8405537068343,NA,"NYC",NA,NA,NA
"178",40.7131934235407,-74.0049379066888,NA,"NYC",NA,NA,NA
"179",40.7473402633877,-73.9855819589192,NA,"NYC",NA,NA,NA
"180",40.7516356993789,-74.0014574981459,NA,"NYC",NA,NA,NA
"181",38.8909509861563,-76.9902278626714,NA,"DC",NA,NA,NA
"182",33.8152297681803,-118.386868736134,NA,"LA",NA,NA,NA
"183",40.7431077641831,-73.9828633560853,NA,"NYC",NA,NA,NA
"184",38.889908099971,-76.9874089486529,NA,"DC",NA,NA,NA
"185",42.3705649435757,-71.0394152131659,NA,"Boston",NA,NA,NA
"186",34.1653083891344,-118.363598702612,NA,"LA",NA,NA,NA
"187",40.7785979713973,-73.9855402978412,NA,"NYC",NA,NA,NA
"188",34.1475615594774,-118.143913958427,NA,"LA",NA,NA,NA
"189",34.1148532978191,-118.321895852604,NA,"LA",NA,NA,NA
"190",34.0519452801117,-118.24461817279,NA,"LA",NA,NA,NA
"191",34.0529926858121,-118.437497769225,NA,"LA",NA,NA,NA
"192",40.7677079199858,-73.9167526797064,NA,"NYC",NA,NA,NA
"193",40.6609947752372,-73.9608257592713,NA,"NYC",NA,NA,NA
"194",33.9787887760218,-118.461809897477,NA,"LA",NA,NA,NA
"195",33.9975721913522,-118.325669630472,NA,"LA",NA,NA,NA
"196",34.1842224417053,-118.402641355924,NA,"LA",NA,NA,NA
"197",34.1626325933193,-118.363056658348,NA,"LA",NA,NA,NA
"198",34.077552056459,-118.368641057051,NA,"LA",NA,NA,NA
"199",33.8687522943133,-118.258068917986,NA,"LA",NA,NA,NA
"200",40.7176738943923,-73.9570707690802,NA,"NYC",NA,NA,NA
"201",40.7032613077978,-73.9292209207845,NA,"NYC",NA,NA,NA
"202",40.6311009242996,-74.0044517758921,NA,"NYC",NA,NA,NA
"203",40.7124826679511,-74.00527845611,NA,"NYC",NA,NA,NA
"204",40.820937243467,-73.9574478220494,NA,"NYC",NA,NA,NA
"205",34.0284579966398,-118.75448545812,NA,"LA",NA,NA,NA
"206",37.7950816693274,-122.411779605426,NA,"SF",NA,NA,NA
"207",34.1674686349626,-118.376037106769,NA,"LA",NA,NA,NA
"208",40.744500836329,-73.9833921880538,NA,"NYC",NA,NA,NA
"209",37.7754687663954,-122.418306332141,NA,"SF",NA,NA,NA
"210",40.7172202684556,-73.9964569724741,NA,"NYC",NA,NA,NA
"211",40.7273231778645,-73.9809485507116,NA,"NYC",NA,NA,NA
"212",40.725349402187,-73.9965950294798,NA,"NYC",NA,NA,NA
"213",40.8143487813406,-73.9458794255258,NA,"NYC",NA,NA,NA
"214",37.8047795344597,-122.440997764157,NA,"SF",NA,NA,NA
"215",40.6659305097133,-73.9508232295177,NA,"NYC",NA,NA,NA
"216",33.9939984952848,-118.475842727001,NA,"LA",NA,NA,NA
"217",38.924472002161,-77.0325647154753,NA,"DC",NA,NA,NA
"218",41.8378169659994,-87.6620672179733,NA,"Chicago",NA,NA,NA
"219",40.712878923013,-73.9368828574863,NA,"NYC",NA,NA,NA
"220",40.7224830746271,-73.9831629467575,NA,"NYC",NA,NA,NA
"221",40.6533679947682,-73.9485510344067,NA,"NYC",NA,NA,NA
"222",33.7993747529579,-118.31687898883,NA,"LA",NA,NA,NA
"223",40.7549677825654,-73.9176504150693,NA,"NYC",NA,NA,NA
"224",40.7175949993136,-73.9438760352088,NA,"NYC",NA,NA,NA
"225",41.8955625342789,-87.6604654258085,NA,"Chicago",NA,NA,NA
"226",33.7714544229312,-118.169996629734,NA,"LA",NA,NA,NA
"227",34.1091986839409,-118.315590218011,NA,"LA",NA,NA,NA
"228",40.7183772912308,-73.8449868027349,NA,"NYC",NA,NA,NA
"229",33.8394244568846,-118.386245408841,NA,"LA",NA,NA,NA
"230",33.8632832811482,-118.399541271264,NA,"LA",NA,NA,NA
"231",40.7207656156288,-73.8148493959763,NA,"NYC",NA,NA,NA
"232",40.8134826627463,-73.9573160813478,NA,"NYC",NA,NA,NA
"233",40.7066216254004,-74.0126866548107,NA,"NYC",NA,NA,NA
"234",34.0622461633679,-118.36568513265,NA,"LA",NA,NA,NA
"235",33.842258894838,-118.381519652187,NA,"LA",NA,NA,NA
"236",40.7372894556096,-73.9873047349861,NA,"NYC",NA,NA,NA
"237",34.0417875303986,-118.291581998408,NA,"LA",NA,NA,NA
"238",42.3432909485981,-71.1424521836196,NA,"Boston",NA,NA,NA
"239",40.687182435686,-73.9402749698241,NA,"NYC",NA,NA,NA
"240",40.7631016200212,-73.9859822989413,NA,"NYC",NA,NA,NA
"241",40.7167225143173,-73.9966614022375,NA,"NYC",NA,NA,NA
"242",33.7727613226407,-118.411623154129,NA,"LA",NA,NA,NA
"243",34.1083787702663,-118.310914701226,NA,"LA",NA,NA,NA
"244",40.7105015764596,-73.9469305602256,NA,"NYC",NA,NA,NA
"245",34.0347603763577,-118.475595468874,NA,"LA",NA,NA,NA
"246",38.8770386673637,-76.9638342950305,NA,"DC",NA,NA,NA
"247",40.676336938601,-73.9991963500704,NA,"NYC",NA,NA,NA
"248",37.7841901952861,-122.389822407456,NA,"SF",NA,NA,NA
"249",40.7079591318832,-74.0123690137523,NA,"NYC",NA,NA,NA
"250",34.1720498881352,-118.647427671141,NA,"LA",NA,NA,NA
"251",42.3599747249932,-71.0663501236376,NA,"Boston",NA,NA,NA
"252",34.1539233167832,-118.455229055948,NA,"LA",NA,NA,NA
"253",37.8024411838622,-122.40899667813,NA,"SF",NA,NA,NA
"254",37.7953027070959,-122.411213122169,NA,"SF",NA,NA,NA
"255",40.7338910784089,-73.9933493363412,NA,"NYC",NA,NA,NA
"256",34.0292352118674,-117.81095682138,NA,"LA",NA,NA,NA
"257",38.9051854411061,-77.000982524535,NA,"DC",NA,NA,NA
"258",40.7698791945529,-73.9512487515085,NA,"NYC",NA,NA,NA
"259",37.7843213057257,-122.4692200047,NA,"SF",NA,NA,NA
"260",40.6924657595074,-73.9594849280486,NA,"NYC",NA,NA,NA
"261",33.8366301160891,-118.381221222184,NA,"LA",NA,NA,NA
"262",40.8463965735025,-73.9404638689013,NA,"NYC",NA,NA,NA
"263",40.8731346500219,-73.9166250940555,NA,"NYC",NA,NA,NA
"264",34.066897394035,-118.245328168218,NA,"LA",NA,NA,NA
"265",40.7511838281277,-73.99902467999,NA,"NYC",NA,NA,NA
"266",38.9126308311956,-77.0613339481614,NA,"DC",NA,NA,NA
"267",40.7369477805041,-74.0057215709316,NA,"NYC",NA,NA,NA
"268",34.0465827232999,-118.242241623841,NA,"LA",NA,NA,NA
"269",40.7676712556368,-73.8178526001061,NA,"NYC",NA,NA,NA
"270",41.9704664906934,-87.6839697872968,NA,"Chicago",NA,NA,NA
"271",40.7085681237864,-74.0100532071478,NA,"NYC",NA,NA,NA
"272",40.7146273370801,-73.9965804581799,NA,"NYC",NA,NA,NA
"273",33.9800275491198,-118.032796314806,NA,"LA",NA,NA,NA
"274",38.8995113749456,-77.0155077684187,NA,"DC",NA,NA,NA
"275",34.0927637521652,-118.322354676218,NA,"LA",NA,NA,NA
"276",34.0044668080603,-118.431937878928,NA,"LA",NA,NA,NA
"277",42.3669054736707,-71.0536503052854,NA,"Boston",NA,NA,NA
"278",40.684769379402,-73.9675652305491,NA,"NYC",NA,NA,NA
"279",40.7231804529777,-74.0022312653289,NA,"NYC",NA,NA,NA
"280",34.0020196860665,-118.481211877793,NA,"LA",NA,NA,NA
"281",33.7924465399929,-118.372694043779,NA,"LA",NA,NA,NA
"282",34.1592896698378,-118.372519699926,NA,"LA",NA,NA,NA
"283",40.6129300818309,-73.9651097214738,NA,"NYC",NA,NA,NA
"284",38.9230219932509,-77.0386581038307,NA,"DC",NA,NA,NA
"285",34.1287304307012,-118.723242306241,NA,"LA",NA,NA,NA
"286",40.6860484478109,-73.975165313518,NA,"NYC",NA,NA,NA
"287",34.0834284200344,-118.355412811819,NA,"LA",NA,NA,NA
"288",40.7488902297463,-73.9880590485337,NA,"NYC",NA,NA,NA
"289",40.6612348483379,-73.9342803338604,NA,"NYC",NA,NA,NA
"290",40.8122386245911,-73.9393654867846,NA,"NYC",NA,NA,NA
"291",34.0264345162751,-118.768133745867,NA,"LA",NA,NA,NA
"292",40.6797381833048,-73.9666098280082,NA,"NYC",NA,NA,NA
"293",40.7094392429016,-73.9483843054686,NA,"NYC",NA,NA,NA
"294",40.7658274082341,-73.9108564537576,NA,"NYC",NA,NA,NA
"295",40.7082336771202,-73.9608126358885,NA,"NYC",NA,NA,NA
"296",38.9241659006331,-77.0731366638537,NA,"DC",NA,NA,NA
"297",33.9866754743704,-118.466761040878,NA,"LA",NA,NA,NA
"298",34.0285006716126,-118.452763509425,NA,"LA",NA,NA,NA
"299",41.9451230707056,-87.6441532880681,NA,"Chicago",NA,NA,NA
"300",40.7822555312598,-73.9533220808133,NA,"NYC",NA,NA,NA
"301",34.0588386106761,-118.313198243673,NA,"LA",NA,NA,NA
"302",37.7764991898713,-122.442304564142,NA,"SF",NA,NA,NA
"303",40.7132316313672,-73.9486557195399,NA,"NYC",NA,NA,NA
"304",34.0838448349739,-118.392731726395,NA,"LA",NA,NA,NA
"305",40.8371570067643,-73.9404760045427,NA,"NYC",NA,NA,NA
"306",40.7275720119576,-73.9846199128789,NA,"NYC",NA,NA,NA
"307",34.0693733590125,-118.351173336141,NA,"LA",NA,NA,NA
"308",40.7333424299,-73.9941620022456,NA,"NYC",NA,NA,NA
"309",40.8644607136568,-73.9269424092103,NA,"NYC",NA,NA,NA
"310",40.7292064586056,-74.001278039223,NA,"NYC",NA,NA,NA
"311",40.7245735279572,-73.9884233553659,NA,"NYC",NA,NA,NA
"312",37.7675342088043,-122.421876938171,NA,"SF",NA,NA,NA
"313",40.8007357811753,-73.9641601994952,NA,"NYC",NA,NA,NA
"314",40.7429469524144,-73.9918037641525,NA,"NYC",NA,NA,NA
"315",34.0257845481879,-118.513411154646,NA,"LA",NA,NA,NA
"316",40.6915544664541,-73.9473605896192,NA,"NYC",NA,NA,NA
"317",38.9280509166097,-77.0225388088105,NA,"DC",NA,NA,NA
"318",34.186348366065,-118.371235633165,NA,"LA",NA,NA,NA
"319",40.7618594388885,-73.9946968964039,NA,"NYC",NA,NA,NA
"320",34.1042527888494,-118.347803016375,NA,"LA",NA,NA,NA
"321",40.7348884766524,-73.9854261194966,NA,"NYC",NA,NA,NA
"322",40.7132764405803,-74.0050664292796,NA,"NYC",NA,NA,NA
"323",34.247248216852,-118.546313025505,NA,"LA",NA,NA,NA
"324",37.7499465975331,-122.442657579258,NA,"SF",NA,NA,NA
"325",40.7311309498266,-73.9829512664855,NA,"NYC",NA,NA,NA
"326",40.6720174922281,-73.985305335354,NA,"NYC",NA,NA,NA
"327",37.7769551515708,-122.441302494668,NA,"SF",NA,NA,NA
"328",40.8530422302245,-73.9355463625909,NA,"NYC",NA,NA,NA
"329",34.0965122504045,-118.369057396914,NA,"LA",NA,NA,NA
"330",34.0937285072328,-118.335648779615,NA,"LA",NA,NA,NA
"331",40.7629821078853,-73.9867633540856,NA,"NYC",NA,NA,NA
"332",40.722069550371,-73.9569735603639,NA,"NYC",NA,NA,NA
"333",40.7106439536084,-73.9649697898867,NA,"NYC",NA,NA,NA
"334",34.0446629171188,-118.236742934081,NA,"LA",NA,NA,NA
"335",34.1622391076525,-118.430517867303,NA,"LA",NA,NA,NA
"336",40.7340081315635,-73.8680535129245,NA,"NYC",NA,NA,NA
"337",40.7064541889147,-73.9057823353347,NA,"NYC",NA,NA,NA
"338",34.1502144285371,-118.432248677899,NA,"LA",NA,NA,NA
"339",40.677168191758,-74.0041099714309,NA,"NYC",NA,NA,NA
"340",37.7741329337312,-122.400221256142,NA,"SF",NA,NA,NA
"341",41.8477077419269,-87.6186225308216,NA,"Chicago",NA,NA,NA
"342",40.721375490758,-73.983768269693,NA,"NYC",NA,NA,NA
"343",40.6835057697959,-73.9322404468132,NA,"NYC",NA,NA,NA
"344",34.0977839222107,-118.325797600722,NA,"LA",NA,NA,NA
"345",34.0193767031814,-118.491732620291,NA,"LA",NA,NA,NA
"346",38.9309665388464,-77.0375166045609,NA,"DC",NA,NA,NA
"347",34.0641998776725,-118.449913374838,NA,"LA",NA,NA,NA
"348",40.7264679640576,-73.9837882558915,NA,"NYC",NA,NA,NA
"349",42.351240796916,-71.0738293403293,NA,"Boston",NA,NA,NA
"350",34.6953964684499,-118.152478448296,NA,"LA",NA,NA,NA
"351",34.1015917039419,-118.229906980577,NA,"LA",NA,NA,NA
"352",40.6816762483248,-73.946291475285,NA,"NYC",NA,NA,NA
"353",38.8800668153844,-77.0058246468672,NA,"DC",NA,NA,NA
"354",34.0370265064139,-118.485531457048,NA,"LA",NA,NA,NA
"355",40.6785215223103,-73.9437694852109,NA,"NYC",NA,NA,NA
"356",40.6804190094388,-73.9477274027601,NA,"NYC",NA,NA,NA
"357",40.727356540365,-73.9898312270519,NA,"NYC",NA,NA,NA
"358",40.7948700933017,-73.9637154266961,NA,"NYC",NA,NA,NA
"359",37.7256657755826,-122.418631464132,NA,"SF",NA,NA,NA
"360",34.0288346693906,-118.44307991243,NA,"LA",NA,NA,NA
"361",40.7953076251427,-73.9760353945309,NA,"NYC",NA,NA,NA
"362",34.0929984072153,-118.366210310447,NA,"LA",NA,NA,NA
"363",38.9111345858913,-77.0223969525995,NA,"DC",NA,NA,NA
"364",34.1046751217287,-118.341732586688,NA,"LA",NA,NA,NA
"365",34.1548643588803,-118.403564526811,NA,"LA",NA,NA,NA
"366",38.9080163788415,-77.0388419243522,NA,"DC",NA,NA,NA
"367",40.7612350956834,-73.988283941802,NA,"NYC",NA,NA,NA
"368",34.0284389270871,-117.760294880859,NA,"LA",NA,NA,NA
"369",40.7360718731836,-73.9902726543294,NA,"NYC",NA,NA,NA
"370",34.1224648741604,-118.38427610617,NA,"LA",NA,NA,NA
"371",40.7159020377534,-73.9905885948073,NA,"NYC",NA,NA,NA
"372",40.7658057514149,-73.9204349416112,NA,"NYC",NA,NA,NA
"373",40.6859113457662,-74.0016425609672,NA,"NYC",NA,NA,NA
"374",40.7516034645857,-73.9703176268502,NA,"NYC",NA,NA,NA
"375",40.7103487325099,-73.9533184350833,NA,"NYC",NA,NA,NA
"376",34.1878544139801,-118.443074655681,NA,"LA",NA,NA,NA
"377",37.7546318267057,-122.452759047283,NA,"SF",NA,NA,NA
"378",40.8268494775299,-73.9465772012317,NA,"NYC",NA,NA,NA
"379",34.1719900620265,-118.645379240482,NA,"LA",NA,NA,NA
"380",38.9153456135127,-77.0173850237903,NA,"DC",NA,NA,NA
"381",34.0997201939767,-118.107952779089,NA,"LA",NA,NA,NA
"382",40.6836427871125,-73.9263813496882,NA,"NYC",NA,NA,NA
"383",40.7125087004571,-73.9624336156356,NA,"NYC",NA,NA,NA
"384",40.7046552562709,-73.9352965046062,NA,"NYC",NA,NA,NA
"385",37.8035651242379,-122.413378130282,NA,"SF",NA,NA,NA
"386",34.0673719748688,-118.26915281126,NA,"LA",NA,NA,NA
"387",34.0953713947051,-118.350772088059,NA,"LA",NA,NA,NA
"388",34.1531448542535,-118.343009080748,NA,"LA",NA,NA,NA
"389",40.7288358631877,-73.999207952819,NA,"NYC",NA,NA,NA
"390",34.2188478224189,-118.360960536983,NA,"LA",NA,NA,NA
"391",34.1492585257421,-118.145627867308,NA,"LA",NA,NA,NA
"392",40.8177672080947,-73.9575257851949,NA,"NYC",NA,NA,NA
"393",40.749016334407,-73.947197231164,NA,"NYC",NA,NA,NA
"394",37.7745606902797,-122.41920042348,NA,"SF",NA,NA,NA
"395",34.1382894656362,-118.386698822764,NA,"LA",NA,NA,NA
"396",38.881454606689,-77.0169287231414,NA,"DC",NA,NA,NA
"397",40.8251401272237,-73.9507702091316,NA,"NYC",NA,NA,NA
"398",41.8995976383678,-87.6769552606357,NA,"Chicago",NA,NA,NA
"399",40.7563425390419,-73.9918559129552,NA,"NYC",NA,NA,NA
"400",40.650181882041,-73.9636240599707,NA,"NYC",NA,NA,NA
"401",40.7351861545376,-74.002250436323,NA,"NYC",NA,NA,NA
"402",40.7058016166894,-73.9679498157031,NA,"NYC",NA,NA,NA
"403",40.6848015752018,-73.9267246178476,NA,"NYC",NA,NA,NA
"404",34.0878435183173,-118.355047469053,NA,"LA",NA,NA,NA
"405",40.7729870535491,-73.9274461786342,NA,"NYC",NA,NA,NA
"406",40.6965987699111,-73.9307177340771,NA,"NYC",NA,NA,NA
"407",34.0739956317528,-118.399815279246,NA,"LA",NA,NA,NA
"408",40.7642017208442,-73.9913251617463,NA,"NYC",NA,NA,NA
"409",42.3658285826011,-71.0352852744052,NA,"Boston",NA,NA,NA
"410",34.1921944114492,-118.399128884802,NA,"LA",NA,NA,NA
"411",41.7824759994794,-87.6119611185576,NA,"Chicago",NA,NA,NA
"412",34.0679532535689,-118.278821262009,NA,"LA",NA,NA,NA
"413",40.6525148658878,-73.9632480180811,NA,"NYC",NA,NA,NA
"414",34.1522489335107,-118.621110070759,NA,"LA",NA,NA,NA
"415",41.9343138087509,-87.6958986412691,NA,"Chicago",NA,NA,NA
"416",34.1611587470956,-118.470347505538,NA,"LA",NA,NA,NA
"417",40.6929718568334,-73.9244702547876,NA,"NYC",NA,NA,NA
"418",37.7426051649726,-122.428908572599,NA,"SF",NA,NA,NA
"419",40.70050020509,-73.9181559161305,NA,"NYC",NA,NA,NA
"420",40.7574473146741,-73.8214180782816,NA,"NYC",NA,NA,NA
"421",34.0898370559978,-118.361990795188,NA,"LA",NA,NA,NA
"422",37.7633274311937,-122.50171274425,NA,"SF",NA,NA,NA
"423",40.7659334305881,-73.9812040764329,NA,"NYC",NA,NA,NA
"424",42.3150619996078,-71.0975718606423,NA,"Boston",NA,NA,NA
"425",40.7138974692926,-74.0062089331787,NA,"NYC",NA,NA,NA
"426",41.8934269804193,-87.6677613641737,NA,"Chicago",NA,NA,NA
"427",40.7199730952867,-73.9594531173195,NA,"NYC",NA,NA,NA
"428",37.7869290777501,-122.425048627406,NA,"SF",NA,NA,NA
"429",40.6836772409578,-73.9611031000356,NA,"NYC",NA,NA,NA
"430",40.686360359832,-73.8069236593337,NA,"NYC",NA,NA,NA
"431",40.7155846987471,-73.9488071656734,NA,"NYC",NA,NA,NA
"432",40.776464955845,-73.9706588499061,NA,"NYC",NA,NA,NA
"433",34.0826581128903,-118.395914150962,NA,"LA",NA,NA,NA
"434",37.7918352396077,-122.419052457796,NA,"SF",NA,NA,NA
"435",34.0658502489998,-118.350835664071,NA,"LA",NA,NA,NA
"436",40.7256325871709,-73.7269837781064,NA,"NYC",NA,NA,NA
"437",40.6749831055079,-73.9595307658573,NA,"NYC",NA,NA,NA
"438",37.7902239709451,-122.403220286718,NA,"SF",NA,NA,NA
"439",38.9313624542235,-77.0239317770712,NA,"DC",NA,NA,NA
"440",34.0324425772534,-118.288823073512,NA,"LA",NA,NA,NA
"441",34.0350285215864,-118.429899806647,NA,"LA",NA,NA,NA
"442",40.7004364741626,-73.9390909600897,NA,"NYC",NA,NA,NA
"443",40.6672119107095,-73.9386193892196,NA,"NYC",NA,NA,NA
"444",40.7369401159281,-74.0034695653063,NA,"NYC",NA,NA,NA
"445",40.7413801829255,-73.9987528544625,NA,"NYC",NA,NA,NA
"446",34.098869349825,-118.363548890136,NA,"LA",NA,NA,NA
"447",40.8163110734508,-73.9393301014785,NA,"NYC",NA,NA,NA
"448",34.0857891029941,-118.344474594748,NA,"LA",NA,NA,NA
"449",40.7515288909318,-73.9968122067356,NA,"NYC",NA,NA,NA
"450",33.9972776278766,-118.450047943189,NA,"LA",NA,NA,NA
"451",40.7441738666107,-73.9482294350873,NA,"NYC",NA,NA,NA
"452",37.7994566206371,-122.428100526052,NA,"SF",NA,NA,NA
"453",40.6837126239162,-73.9646148059958,NA,"NYC",NA,NA,NA
"454",40.6908996966911,-73.9533323193308,NA,"NYC",NA,NA,NA
"455",40.6922098424256,-73.9382286868081,NA,"NYC",NA,NA,NA
"456",34.1151757294098,-118.171268516769,NA,"LA",NA,NA,NA
"457",34.0819458198666,-118.319308967309,NA,"LA",NA,NA,NA
"458",40.7753744371054,-73.9495904378711,NA,"NYC",NA,NA,NA
"459",40.7092878384109,-74.0109392107137,NA,"NYC",NA,NA,NA
"460",40.6956155671388,-73.9557483351815,NA,"NYC",NA,NA,NA
"461",40.7461092198992,-74.0001364390496,NA,"NYC",NA,NA,NA
"462",40.7623632891036,-73.9982729317831,NA,"NYC",NA,NA,NA
"463",38.9239853477165,-77.0015875464739,NA,"DC",NA,NA,NA
"464",41.9148560921565,-87.7061589193803,NA,"Chicago",NA,NA,NA
"465",34.0590800226363,-118.29988159793,NA,"LA",NA,NA,NA
"466",34.1016534390018,-118.348020672072,NA,"LA",NA,NA,NA
"467",34.0715234105556,-118.368855613857,NA,"LA",NA,NA,NA
"468",34.1480426136472,-118.234526665472,NA,"LA",NA,NA,NA
"469",34.0671407445817,-118.243667520367,NA,"LA",NA,NA,NA
"470",40.7282284995685,-73.9855807822239,NA,"NYC",NA,NA,NA
"471",34.0997832204841,-118.346136690293,NA,"LA",NA,NA,NA
"472",40.6973473356458,-73.9327013939247,NA,"NYC",NA,NA,NA
"473",40.6402510096412,-74.0173452900871,NA,"NYC",NA,NA,NA
"474",40.7339576821957,-73.9949801267845,NA,"NYC",NA,NA,NA
"475",41.8962972423717,-87.6329316907695,NA,"Chicago",NA,NA,NA
"476",40.7145936666645,-73.9617062651013,NA,"NYC",NA,NA,NA
"477",34.0025832533238,-118.437600154785,NA,"LA",NA,NA,NA
"478",40.6741297106442,-73.9649740011044,NA,"NYC",NA,NA,NA
"479",40.7415717234819,-73.9929519815849,NA,"NYC",NA,NA,NA
"480",41.9301712198193,-87.7188413786106,NA,"Chicago",NA,NA,NA
"481",40.5972966066375,-74.0713259693226,NA,"NYC",NA,NA,NA
"482",40.7077775448712,-73.9488361978423,NA,"NYC",NA,NA,NA
"483",40.7607263291035,-73.9220251020946,NA,"NYC",NA,NA,NA
"484",40.6909330937065,-73.9650727530949,NA,"NYC",NA,NA,NA
"485",40.6706105641494,-73.9315092564923,NA,"NYC",NA,NA,NA
"486",40.7624377598932,-73.9913712787652,NA,"NYC",NA,NA,NA
"487",37.7884039336261,-122.412549992404,NA,"SF",NA,NA,NA
"488",41.9779889661742,-87.7485259592839,NA,"Chicago",NA,NA,NA
"489",40.7453278777939,-73.9885399725032,NA,"NYC",NA,NA,NA
"490",37.7723837937795,-122.452490755653,NA,"SF",NA,NA,NA
"491",40.7591036899034,-73.9913926640127,NA,"NYC",NA,NA,NA
"492",34.169927628212,-118.1659999369,NA,"LA",NA,NA,NA
"493",37.8033307072497,-122.439624989839,NA,"SF",NA,NA,NA
"494",40.814971040957,-73.9478083617313,NA,"NYC",NA,NA,NA
"495",40.6940234742531,-73.9935356410474,NA,"NYC",NA,NA,NA
"496",40.7205256909483,-73.9855549024417,NA,"NYC",NA,NA,NA
"497",34.1031952429028,-118.354751776081,NA,"LA",NA,NA,NA
"498",33.8398534400343,-118.38203471793,NA,"LA",NA,NA,NA
"499",34.0380202426405,-118.474079986326,NA,"LA",NA,NA,NA
"500",40.6478622072072,-73.9606371228976,NA,"NYC",NA,NA,NA
"501",34.1794381880271,-118.410502789218,NA,"LA",NA,NA,NA
"502",40.7268115973011,-73.9840089330992,NA,"NYC",NA,NA,NA
"503",42.3087791143415,-71.0510458834009,NA,"Boston",NA,NA,NA
"504",40.7086859905633,-74.0068457648846,NA,"NYC",NA,NA,NA
"505",40.687225429612,-73.954779890632,NA,"NYC",NA,NA,NA
"506",34.1531188912494,-118.762119614097,NA,"LA",NA,NA,NA
"507",34.0078661281663,-118.468129325681,NA,"LA",NA,NA,NA
"508",34.1926171197127,-118.136794095075,NA,"LA",NA,NA,NA
"509",42.36861399655,-71.0376426112463,NA,"Boston",NA,NA,NA
"510",40.7972005366015,-73.9723132398555,NA,"NYC",NA,NA,NA
"511",33.9199744007159,-118.420625278054,NA,"LA",NA,NA,NA
"512",34.0369647960375,-118.51274195368,NA,"LA",NA,NA,NA
"513",38.8983879993482,-77.0473635445519,NA,"DC",NA,NA,NA
"514",37.7511472437515,-122.425564666991,NA,"SF",NA,NA,NA
"515",34.3822527333395,-118.549926024441,NA,"LA",NA,NA,NA
"516",34.0492651778471,-118.251500510013,NA,"LA",NA,NA,NA
"517",34.2078500675213,-118.623244495173,NA,"LA",NA,NA,NA
"518",42.3512477273227,-71.0869702300939,NA,"Boston",NA,NA,NA
"519",40.8038737431484,-73.9609554640818,NA,"NYC",NA,NA,NA
"520",40.7160224064538,-73.992926857037,NA,"NYC",NA,NA,NA
"521",34.169021761548,-118.175159986771,NA,"LA",NA,NA,NA
"522",34.0573168319617,-118.252489845839,NA,"LA",NA,NA,NA
"523",34.128203190082,-118.21761492708,NA,"LA",NA,NA,NA
"524",38.9219923782318,-77.0475097720749,NA,"DC",NA,NA,NA
"525",34.0180469373091,-118.484397401319,NA,"LA",NA,NA,NA
"526",33.9881737180449,-118.460452673359,NA,"LA",NA,NA,NA
"527",40.7495717867585,-74.0002797231341,NA,"NYC",NA,NA,NA
"528",34.147122860158,-118.471592754981,NA,"LA",NA,NA,NA
"529",40.6872476176447,-73.9306829256086,NA,"NYC",NA,NA,NA
"530",40.799668883115,-73.9625118314701,NA,"NYC",NA,NA,NA
"531",37.7919198021555,-122.417153998845,NA,"SF",NA,NA,NA
"532",34.084662328319,-118.262724817844,NA,"LA",NA,NA,NA
"533",40.6507282307429,-73.9636091527941,NA,"NYC",NA,NA,NA
"534",40.6853135990812,-73.927096806462,NA,"NYC",NA,NA,NA
"535",34.0289429916874,-118.48614535387,NA,"LA",NA,NA,NA
"536",40.6656923907701,-73.9799958475805,NA,"NYC",NA,NA,NA
"537",34.0312762064592,-118.845903201233,NA,"LA",NA,NA,NA
"538",34.0282050266278,-118.291778782027,NA,"LA",NA,NA,NA
"539",37.775193052484,-122.418430225689,NA,"SF",NA,NA,NA
"540",38.9231868670748,-77.0431904620282,NA,"DC",NA,NA,NA
"541",34.0321771197504,-118.349769352916,NA,"LA",NA,NA,NA
"542",40.6904758431611,-73.8471377166811,NA,"NYC",NA,NA,NA
"543",42.3003433161147,-71.1127647099291,NA,"Boston",NA,NA,NA
"544",37.7704096608586,-122.4366375928,NA,"SF",NA,NA,NA
"545",40.6822840267271,-73.9464456806205,NA,"NYC",NA,NA,NA
"546",37.7135805328236,-122.437356393183,NA,"SF",NA,NA,NA
"547",40.5948393506047,-73.965870078372,NA,"NYC",NA,NA,NA
"548",40.8263695442073,-73.9392535066737,NA,"NYC",NA,NA,NA
"549",34.0633025609386,-118.390275628802,NA,"LA",NA,NA,NA
"550",34.1245693290281,-118.656919244658,NA,"LA",NA,NA,NA
"551",37.7446349264129,-122.408625577981,NA,"SF",NA,NA,NA
"552",40.7844192644423,-73.9711340901592,NA,"NYC",NA,NA,NA
"553",40.7747196142302,-73.9832262174294,NA,"NYC",NA,NA,NA
"554",41.8995241849126,-87.6641968531698,NA,"Chicago",NA,NA,NA
"555",40.6838904840658,-73.9343682452366,NA,"NYC",NA,NA,NA
"556",34.1743931062946,-118.12463108793,NA,"LA",NA,NA,NA
"557",38.8825069502789,-76.9983854195055,NA,"DC",NA,NA,NA
"558",38.9357497956194,-77.0608518899825,NA,"DC",NA,NA,NA
"559",37.7495644939876,-122.433894554469,NA,"SF",NA,NA,NA
"560",40.7317168122248,-73.9846043543235,NA,"NYC",NA,NA,NA
"561",38.9417736288778,-77.0231314234105,NA,"DC",NA,NA,NA
"562",34.1831959096415,-118.378455403487,NA,"LA",NA,NA,NA
"563",34.1043345238144,-118.445166837744,NA,"LA",NA,NA,NA
"564",34.0926324942624,-118.33274270446,NA,"LA",NA,NA,NA
"565",33.9944527866126,-118.458492286999,NA,"LA",NA,NA,NA
"566",40.8419175020149,-73.9110789133999,NA,"NYC",NA,NA,NA
"567",33.9984578141126,-118.416899251496,NA,"LA",NA,NA,NA
"568",40.7775837740804,-73.9464196576945,NA,"NYC",NA,NA,NA
"569",40.7352230933114,-73.9970979079837,NA,"NYC",NA,NA,NA
"570",38.905659367928,-77.0604753334972,NA,"DC",NA,NA,NA
"571",40.8389674713975,-73.8603124095675,NA,"NYC",NA,NA,NA
"572",41.8902018298585,-87.7728533475995,NA,"Chicago",NA,NA,NA
"573",37.7468520151029,-122.426495934009,NA,"SF",NA,NA,NA
"574",38.9068182058424,-77.0650633881446,NA,"DC",NA,NA,NA
"575",40.6940114816141,-73.909171052943,NA,"NYC",NA,NA,NA
"576",42.2879739816862,-71.1297711103146,NA,"Boston",NA,NA,NA
"577",40.7270056718967,-73.9862585227043,NA,"NYC",NA,NA,NA
"578",40.8422328037996,-73.9391245928386,NA,"NYC",NA,NA,NA
"579",40.6560619705731,-73.9590165985193,NA,"NYC",NA,NA,NA
"580",38.9495283492659,-77.0251606033195,NA,"DC",NA,NA,NA
"581",40.6692262176542,-73.9813373452685,NA,"NYC",NA,NA,NA
"582",40.7213652521604,-73.9422069705986,NA,"NYC",NA,NA,NA
"583",34.0670331477639,-118.396140504682,NA,"LA",NA,NA,NA
"584",37.7779441100124,-122.479925272298,NA,"SF",NA,NA,NA
"585",40.8454958773329,-73.9417819435201,NA,"NYC",NA,NA,NA
"586",40.797723439758,-73.9626044241744,NA,"NYC",NA,NA,NA
"587",38.910970153735,-77.0869957144457,NA,"DC",NA,NA,NA
"588",40.7135682171635,-74.0048966476836,NA,"NYC",NA,NA,NA
"589",33.9575830890639,-118.33171943123,NA,"LA",NA,NA,NA
"590",40.7602414266786,-73.9928624743776,NA,"NYC",NA,NA,NA
"591",40.7209204082276,-73.9884906596991,NA,"NYC",NA,NA,NA
"592",40.6975810752553,-73.9349335947503,NA,"NYC",NA,NA,NA
"593",40.7176478045237,-73.9624041954727,NA,"NYC",NA,NA,NA
"594",40.7398383008399,-74.0018717593964,NA,"NYC",NA,NA,NA
"595",40.7167653839485,-73.9496315785092,NA,"NYC",NA,NA,NA
"596",38.911737536701,-77.0117483608746,NA,"DC",NA,NA,NA
"597",33.988382879834,-118.450989004553,NA,"LA",NA,NA,NA
"598",40.6396442676279,-73.9562888474611,NA,"NYC",NA,NA,NA
"599",40.7932331741893,-73.9726658557032,NA,"NYC",NA,NA,NA
"600",40.5866031112356,-73.8125769152871,NA,"NYC",NA,NA,NA
"601",40.7197522900925,-73.9860815736869,NA,"NYC",NA,NA,NA
"602",37.7917995554053,-122.432235441403,NA,"SF",NA,NA,NA
"603",40.7845840508893,-73.9783645256752,NA,"NYC",NA,NA,NA
"604",40.7630275619688,-73.9815411996793,NA,"NYC",NA,NA,NA
"605",33.8650891097252,-118.378388052891,NA,"LA",NA,NA,NA
"606",40.7967790690632,-73.9654540227521,NA,"NYC",NA,NA,NA
"607",38.9068281938552,-77.0377895380394,NA,"DC",NA,NA,NA
"608",40.7263636603711,-73.9823135529108,NA,"NYC",NA,NA,NA
"609",41.9050945717795,-87.6864953488095,NA,"Chicago",NA,NA,NA
"610",40.7478736628491,-74.0008828015813,NA,"NYC",NA,NA,NA
"611",40.69485331037,-73.9510933706999,NA,"NYC",NA,NA,NA
"612",40.8228651145795,-73.9389908838447,NA,"NYC",NA,NA,NA
"613",40.662899832907,-73.9900469489527,NA,"NYC",NA,NA,NA
"614",40.7064461599459,-74.0078186548789,NA,"NYC",NA,NA,NA
"615",37.7766067809249,-122.417011256645,NA,"SF",NA,NA,NA
"616",34.1042132935701,-118.260040166269,NA,"LA",NA,NA,NA
"617",41.8941421255831,-87.6306061884758,NA,"Chicago",NA,NA,NA
"618",37.77042647326,-122.448158388002,NA,"SF",NA,NA,NA
"619",41.8983636330826,-87.6286525472731,NA,"Chicago",NA,NA,NA
"620",33.8184457099167,-118.125881984649,NA,"LA",NA,NA,NA
"621",34.0298202459542,-118.50911613589,NA,"LA",NA,NA,NA
"622",37.8042440792499,-122.436197484565,NA,"SF",NA,NA,NA
"623",40.6761520143446,-73.9492560356692,NA,"NYC",NA,NA,NA
"624",40.7947446675734,-73.9382952025003,NA,"NYC",NA,NA,NA
"625",40.7134166203602,-73.9480319095805,NA,"NYC",NA,NA,NA
"626",34.0978326783406,-118.350155055528,NA,"LA",NA,NA,NA
"627",40.7158444885251,-73.9918909805638,NA,"NYC",NA,NA,NA
"628",40.7930693649418,-73.9707010695457,NA,"NYC",NA,NA,NA
"629",40.7558286644654,-73.9183944084599,NA,"NYC",NA,NA,NA
"630",40.6618510865905,-73.9597522438516,NA,"NYC",NA,NA,NA
"631",40.7436609370352,-74.0005040439592,NA,"NYC",NA,NA,NA
"632",40.690569211717,-73.9718290301399,NA,"NYC",NA,NA,NA
"633",41.9639931774666,-87.6531006394635,NA,"Chicago",NA,NA,NA
"634",38.8908160947662,-76.9834429769133,NA,"DC",NA,NA,NA
"635",38.9534456699552,-77.0187596197387,NA,"DC",NA,NA,NA
"636",40.743290462454,-73.8672612725633,NA,"NYC",NA,NA,NA
"637",34.0897418683372,-118.386142000701,NA,"LA",NA,NA,NA
"638",34.0483978527766,-118.249461393656,NA,"LA",NA,NA,NA
"639",34.1436710477663,-118.058131824072,NA,"LA",NA,NA,NA
"640",38.9193576364335,-77.0260468539109,NA,"DC",NA,NA,NA
"641",40.699742853414,-73.9337966529741,NA,"NYC",NA,NA,NA
"642",42.3610465682049,-71.0672732883838,NA,"Boston",NA,NA,NA
"643",40.6648889020598,-73.9934598146114,NA,"NYC",NA,NA,NA
"644",40.7205235710959,-73.9623933150536,NA,"NYC",NA,NA,NA
"645",34.1004925472839,-118.285235875409,NA,"LA",NA,NA,NA
"646",42.3459473456898,-71.0806654502336,NA,"Boston",NA,NA,NA
"647",33.9721399205098,-118.451805798788,NA,"LA",NA,NA,NA
"648",34.0948361231463,-118.373731389436,NA,"LA",NA,NA,NA
"649",38.9436232702677,-77.0250784154665,NA,"DC",NA,NA,NA
"650",41.928108411169,-87.6357277604657,NA,"Chicago",NA,NA,NA
"651",34.1846562478599,-118.653283136346,NA,"LA",NA,NA,NA
"652",40.676214147211,-73.9699960971822,NA,"NYC",NA,NA,NA
"653",40.6926007651183,-73.9928611547453,NA,"NYC",NA,NA,NA
"654",41.9001040271207,-87.6739977708973,NA,"Chicago",NA,NA,NA
"655",34.0938683049938,-118.304493330776,NA,"LA",NA,NA,NA
"656",38.906876859081,-76.9799421653085,NA,"DC",NA,NA,NA
"657",34.0482054242249,-118.262113379966,NA,"LA",NA,NA,NA
"658",34.0584164281567,-118.340335647498,NA,"LA",NA,NA,NA
"659",37.7734655339971,-122.411126732682,NA,"SF",NA,NA,NA
"660",34.1016757765908,-118.23028356751,NA,"LA",NA,NA,NA
"661",38.922309806358,-77.0346250530314,NA,"DC",NA,NA,NA
"662",40.706959954287,-73.9358761014313,NA,"NYC",NA,NA,NA
"663",40.7695991505935,-73.9269369222583,NA,"NYC",NA,NA,NA
"664",40.6928047739524,-73.9161397546409,NA,"NYC",NA,NA,NA
"665",40.6811846575276,-73.9612605326109,NA,"NYC",NA,NA,NA
"666",40.707454107989,-73.9430690259959,NA,"NYC",NA,NA,NA
"667",40.752859882808,-73.9070700352859,NA,"NYC",NA,NA,NA
"668",40.7352221109169,-73.8668125434635,NA,"NYC",NA,NA,NA
"669",38.9008946350373,-76.9938291598703,NA,"DC",NA,NA,NA
"670",40.7131199839034,-73.9633551645906,NA,"NYC",NA,NA,NA
"671",40.730325974038,-73.987418375269,NA,"NYC",NA,NA,NA
"672",34.0712514168234,-118.376911327569,NA,"LA",NA,NA,NA
"673",34.0999937439146,-118.796960064065,NA,"LA",NA,NA,NA
"674",34.1527670320023,-118.461604331597,NA,"LA",NA,NA,NA
"675",40.7660630190037,-73.9550587372175,NA,"NYC",NA,NA,NA
"676",40.7155150369015,-74.0074894927857,NA,"NYC",NA,NA,NA
"677",41.8663495257075,-87.6247096778939,NA,"Chicago",NA,NA,NA
"678",34.029575514234,-118.354925691813,NA,"LA",NA,NA,NA
"679",33.996769591722,-118.450361298497,NA,"LA",NA,NA,NA
"680",40.6892414639305,-73.9645320899505,NA,"NYC",NA,NA,NA
"681",40.8273605327364,-73.9529162608582,NA,"NYC",NA,NA,NA
"682",33.9875241360042,-118.460428078868,NA,"LA",NA,NA,NA
"683",33.9996526406872,-118.474122811006,NA,"LA",NA,NA,NA
"684",40.7029623218601,-73.9291905225775,NA,"NYC",NA,NA,NA
"685",40.6606953714835,-73.9616773779765,NA,"NYC",NA,NA,NA
"686",40.7186930221544,-73.9931006226618,NA,"NYC",NA,NA,NA
"687",41.922780456886,-87.7108955609311,NA,"Chicago",NA,NA,NA
"688",37.7736904387164,-122.415137826573,NA,"SF",NA,NA,NA
"689",40.8279485489928,-73.9435973684806,NA,"NYC",NA,NA,NA
"690",38.9179678875494,-77.027099403205,NA,"DC",NA,NA,NA
"691",40.7271556448236,-74.0032020373587,NA,"NYC",NA,NA,NA
"692",40.7040257532372,-73.9553292835686,NA,"NYC",NA,NA,NA
"693",40.7097197640382,-73.9412420453396,NA,"NYC",NA,NA,NA
"694",40.7614146808383,-73.7210872961864,NA,"NYC",NA,NA,NA
"695",34.1541528192358,-118.026092533314,NA,"LA",NA,NA,NA
"696",40.7351599887229,-74.0022674977625,NA,"NYC",NA,NA,NA
"697",40.6551176702973,-73.9574175388444,NA,"NYC",NA,NA,NA
"698",37.7838212575893,-122.428723001787,NA,"SF",NA,NA,NA
"699",38.9240899949698,-77.0457526420489,NA,"DC",NA,NA,NA
"700",40.738444968075,-73.9926192810276,NA,"NYC",NA,NA,NA
"701",40.7458538781748,-73.9949641010205,NA,"NYC",NA,NA,NA
"702",34.1767048136654,-118.519959179384,NA,"LA",NA,NA,NA
"703",34.0942112089667,-118.364764723272,NA,"LA",NA,NA,NA
"704",40.7358055587232,-73.9539239048064,NA,"NYC",NA,NA,NA
"705",34.0094743563238,-118.464831382825,NA,"LA",NA,NA,NA
"706",38.9318171705832,-77.0454109463682,NA,"DC",NA,NA,NA
"707",41.8923703951801,-87.640619859393,NA,"Chicago",NA,NA,NA
"708",33.9788507519422,-118.46568013719,NA,"LA",NA,NA,NA
"709",34.0579882651527,-117.745193253741,NA,"LA",NA,NA,NA
"710",37.7677980224105,-122.437322387273,NA,"SF",NA,NA,NA
"711",40.6888361739209,-73.941588347937,NA,"NYC",NA,NA,NA
"712",34.0919173444491,-118.368139939332,NA,"LA",NA,NA,NA
"713",34.1832206414162,-118.414352052813,NA,"LA",NA,NA,NA
"714",34.1911540445671,-118.13204170463,NA,"LA",NA,NA,NA
"715",38.8893867316348,-77.0023440911163,NA,"DC",NA,NA,NA
"716",40.7672689533538,-73.9583852813232,NA,"NYC",NA,NA,NA
"717",40.6852282388164,-73.9570249712015,NA,"NYC",NA,NA,NA
"718",34.0956863803014,-118.374715409408,NA,"LA",NA,NA,NA
"719",37.7725974610808,-122.454045788695,NA,"SF",NA,NA,NA
"720",34.5562028367241,-118.030512772474,NA,"LA",NA,NA,NA
"721",40.7664937647564,-73.8829043422184,NA,"NYC",NA,NA,NA
"722",38.920359214446,-77.0437357709273,NA,"DC",NA,NA,NA
"723",40.6851163227731,-73.9502919194499,NA,"NYC",NA,NA,NA
"724",41.8256002656156,-87.6052436968719,NA,"Chicago",NA,NA,NA
"725",40.7425749409445,-73.9966904277339,NA,"NYC",NA,NA,NA
"726",34.195775683631,-118.642972708849,NA,"LA",NA,NA,NA
"727",40.6979600322459,-73.8962074385246,NA,"NYC",NA,NA,NA
"728",40.7154616408817,-73.9890691667235,NA,"NYC",NA,NA,NA
"729",42.3039922611681,-71.0704184176848,NA,"Boston",NA,NA,NA
"730",40.7332799545804,-73.9809449517574,NA,"NYC",NA,NA,NA
"731",37.7840104837145,-122.438471172128,NA,"SF",NA,NA,NA
"732",33.9965828813957,-118.417383182962,NA,"LA",NA,NA,NA
"733",34.1320545351825,-118.233131176253,NA,"LA",NA,NA,NA
"734",40.8294769092092,-73.9236395275917,NA,"NYC",NA,NA,NA
"735",41.8795446734175,-87.6944557190038,NA,"Chicago",NA,NA,NA
"736",40.8285414505879,-73.9456910073917,NA,"NYC",NA,NA,NA
"737",40.7584820305698,-73.9841366366383,NA,"NYC",NA,NA,NA
"738",33.8169779320815,-118.188023055871,NA,"LA",NA,NA,NA
"739",34.1831545569901,-118.452798163139,NA,"LA",NA,NA,NA
"740",34.0929529231903,-118.366177439666,NA,"LA",NA,NA,NA
"741",34.1422739770556,-118.413387483423,NA,"LA",NA,NA,NA
"742",40.6876909996567,-73.9525399325892,NA,"NYC",NA,NA,NA
"743",40.765511822826,-73.9873042160354,NA,"NYC",NA,NA,NA
"744",34.0872832139379,-118.37046389625,NA,"LA",NA,NA,NA
"745",40.7135150212668,-73.9957482499979,NA,"NYC",NA,NA,NA
"746",33.9853514050738,-118.473561125412,NA,"LA",NA,NA,NA
"747",34.1041194304314,-118.329440377546,NA,"LA",NA,NA,NA
"748",40.758777512587,-73.9672721706236,NA,"NYC",NA,NA,NA
"749",37.79287365009,-122.424447524061,NA,"SF",NA,NA,NA
"750",42.3438738010139,-71.0878906880397,NA,"Boston",NA,NA,NA
"751",40.7607554825448,-73.9232297113034,NA,"NYC",NA,NA,NA
"752",42.3341727837429,-71.1002257307371,NA,"Boston",NA,NA,NA
"753",40.7874989270511,-73.9467547030988,NA,"NYC",NA,NA,NA
"754",40.7192072926446,-73.9890038656399,NA,"NYC",NA,NA,NA
"755",40.7641847232955,-73.9167765159542,NA,"NYC",NA,NA,NA
"756",34.1028391955738,-118.354201302,NA,"LA",NA,NA,NA
"757",34.0988855890554,-118.347562542146,NA,"LA",NA,NA,NA
"758",40.742764737969,-74.0001692208348,NA,"NYC",NA,NA,NA
"759",38.9334752738537,-77.0384476700306,NA,"DC",NA,NA,NA
"760",34.2608552497786,-118.510796004415,NA,"LA",NA,NA,NA
"761",40.7871527067086,-73.9490339658752,NA,"NYC",NA,NA,NA
"762",40.7286563700098,-73.8750293972211,NA,"NYC",NA,NA,NA
"763",34.0236184297985,-118.501174385252,NA,"LA",NA,NA,NA
"764",34.1870116053153,-118.410089077868,NA,"LA",NA,NA,NA
"765",34.10471490868,-118.332497369876,NA,"LA",NA,NA,NA
"766",40.685435187465,-73.9245707878393,NA,"NYC",NA,NA,NA
"767",40.8263592500206,-73.9386709739468,NA,"NYC",NA,NA,NA
"768",40.7017141070186,-73.8278812285459,NA,"NYC",NA,NA,NA
"769",38.84038664405,-77.0037106348901,NA,"DC",NA,NA,NA
"770",40.5973313299813,-73.998984853901,NA,"NYC",NA,NA,NA
"771",40.7389706706728,-74.0018028369309,NA,"NYC",NA,NA,NA
"772",34.0923153463553,-118.364478928402,NA,"LA",NA,NA,NA
"773",40.8000090963682,-73.9675636587723,NA,"NYC",NA,NA,NA
"774",34.0523526939277,-118.253681791011,NA,"LA",NA,NA,NA
"775",40.764455785926,-73.9956410573547,NA,"NYC",NA,NA,NA
"776",40.7045762155451,-73.920312547534,NA,"NYC",NA,NA,NA
"777",34.0616723489696,-118.353213601734,NA,"LA",NA,NA,NA
"778",34.0836522320591,-118.362015832213,NA,"LA",NA,NA,NA
"779",38.9325353636498,-76.9634658473362,NA,"DC",NA,NA,NA
"780",38.8829630294061,-77.0205122128081,NA,"DC",NA,NA,NA
"781",40.7447599351406,-73.9804000496965,NA,"NYC",NA,NA,NA
"782",40.7003076774193,-73.929643389052,NA,"NYC",NA,NA,NA
"783",38.9131785693918,-77.0191960559891,NA,"DC",NA,NA,NA
"784",34.0858246508899,-118.379359401399,NA,"LA",NA,NA,NA
"785",40.713907810027,-74.0048886100494,NA,"NYC",NA,NA,NA
"786",40.7145297749737,-73.9439278195417,NA,"NYC",NA,NA,NA
"787",41.9692029269013,-87.6931213148234,NA,"Chicago",NA,NA,NA
"788",34.1511392401335,-118.363210017979,NA,"LA",NA,NA,NA
"789",40.7078099076527,-74.0144030465396,NA,"NYC",NA,NA,NA
"790",40.7240683154137,-73.9862823502259,NA,"NYC",NA,NA,NA
"791",40.817087377207,-73.9534575275858,NA,"NYC",NA,NA,NA
"792",37.7460037741176,-122.474826249471,NA,"SF",NA,NA,NA
"793",40.7312572445325,-73.9814854953214,NA,"NYC",NA,NA,NA
"794",38.9231638942826,-76.9757922108042,NA,"DC",NA,NA,NA
"795",40.7565115915364,-73.9148476583253,NA,"NYC",NA,NA,NA
"796",34.0515506702935,-118.467169652389,NA,"LA",NA,NA,NA
"797",40.709868554341,-73.9412080213877,NA,"NYC",NA,NA,NA
"798",37.7841367661359,-122.414241146533,NA,"SF",NA,NA,NA
"799",37.7800005012004,-122.403633392574,NA,"SF",NA,NA,NA
"800",41.9230016803096,-87.6920934280675,NA,"Chicago",NA,NA,NA
"801",37.7495146743821,-122.441264226776,NA,"SF",NA,NA,NA
"802",40.7624927508938,-73.9117601859606,NA,"NYC",NA,NA,NA
"803",40.8376645412505,-73.9404737409543,NA,"NYC",NA,NA,NA
"804",40.7027788265242,-73.9267293089352,NA,"NYC",NA,NA,NA
"805",40.7223324110756,-74.0099169331817,NA,"NYC",NA,NA,NA
"806",37.7827482957439,-122.399021966884,NA,"SF",NA,NA,NA
"807",40.7736030157922,-73.9599985488017,NA,"NYC",NA,NA,NA
"808",37.7426802815458,-122.435804068496,NA,"SF",NA,NA,NA
"809",40.7404057023822,-74.0014116782246,NA,"NYC",NA,NA,NA
"810",38.9146793602862,-77.04100347885,NA,"DC",NA,NA,NA
"811",34.0656747417585,-118.353428029541,NA,"LA",NA,NA,NA
"812",40.7565780451492,-73.8680735720708,NA,"NYC",NA,NA,NA
"813",40.68498404084,-73.9111282774537,NA,"NYC",NA,NA,NA
"814",34.0766406364042,-118.293514760305,NA,"LA",NA,NA,NA
"815",34.0666403648674,-118.305488724159,NA,"LA",NA,NA,NA
"816",40.7307457884086,-74.0023267224031,NA,"NYC",NA,NA,NA
"817",40.7665782379712,-73.9933493614576,NA,"NYC",NA,NA,NA
"818",40.6836988866324,-73.9332461692057,NA,"NYC",NA,NA,NA
"819",40.7461961588966,-73.9770674199511,NA,"NYC",NA,NA,NA
"820",34.0347519724147,-118.377513654045,NA,"LA",NA,NA,NA
"821",37.7414365650236,-122.411050118639,NA,"SF",NA,NA,NA
"822",34.0521155643143,-118.382713587055,NA,"LA",NA,NA,NA
"823",40.6608530513993,-73.8989322252161,NA,"NYC",NA,NA,NA
"824",40.7374163126734,-73.9821890320009,NA,"NYC",NA,NA,NA
"825",40.7882961474254,-73.9527019909591,NA,"NYC",NA,NA,NA
"826",34.0572371006559,-118.399004260624,NA,"LA",NA,NA,NA
"827",40.733567652363,-73.9543865363779,NA,"NYC",NA,NA,NA
"828",40.7572518343794,-73.987958057522,NA,"NYC",NA,NA,NA
"829",37.7763167932914,-122.437117420125,NA,"SF",NA,NA,NA
"830",40.7074701118071,-74.0144309504383,NA,"NYC",NA,NA,NA
"831",34.1367406162451,-118.164099428784,NA,"LA",NA,NA,NA
"832",34.100902632961,-118.348482921881,NA,"LA",NA,NA,NA
"833",40.7977632047877,-73.9382886029893,NA,"NYC",NA,NA,NA
"834",40.7621753645374,-73.9891110750927,NA,"NYC",NA,NA,NA
"835",40.6907201369433,-73.9903387231477,NA,"NYC",NA,NA,NA
"836",40.7189083753906,-73.9909501954943,NA,"NYC",NA,NA,NA
"837",40.8095421149399,-73.9422735402502,NA,"NYC",NA,NA,NA
"838",40.7472730783582,-74.0014637578092,NA,"NYC",NA,NA,NA
"839",34.0984567870793,-117.861560735343,NA,"LA",NA,NA,NA
"840",40.7776358236091,-73.9112789301587,NA,"NYC",NA,NA,NA
"841",40.7035232345074,-73.9372134069939,NA,"NYC",NA,NA,NA
"842",34.0966895726078,-118.392954410022,NA,"LA",NA,NA,NA
"843",34.3011277826772,-118.505617811254,NA,"LA",NA,NA,NA
"844",38.9432689687609,-77.0251606717168,NA,"DC",NA,NA,NA
"845",38.9005296832276,-76.9904173933923,NA,"DC",NA,NA,NA
"846",40.6480923161292,-73.9676979330951,NA,"NYC",NA,NA,NA
"847",40.651372184691,-73.9608422232931,NA,"NYC",NA,NA,NA
"848",38.9194425872446,-77.0799211613859,NA,"DC",NA,NA,NA
"849",34.110784297562,-118.320847733704,NA,"LA",NA,NA,NA
"850",40.8092516684946,-73.9175279595684,NA,"NYC",NA,NA,NA
"851",40.7049925307884,-73.9253630056914,NA,"NYC",NA,NA,NA
"852",40.7323546056163,-73.9510591185404,NA,"NYC",NA,NA,NA
"853",33.7693463277514,-118.175650857036,NA,"LA",NA,NA,NA
"854",37.7953709993378,-122.424606786529,NA,"SF",NA,NA,NA
"855",40.6506798936726,-73.9628289212784,NA,"NYC",NA,NA,NA
"856",34.1592080041642,-118.123849022069,NA,"LA",NA,NA,NA
"857",40.7763857394952,-73.9587015702655,NA,"NYC",NA,NA,NA
"858",40.676030357314,-73.9823928204036,NA,"NYC",NA,NA,NA
"859",40.599647313623,-73.9533817083208,NA,"NYC",NA,NA,NA
"860",34.0796402411569,-118.47103820629,NA,"LA",NA,NA,NA
"861",41.962119031314,-87.6628961315055,NA,"Chicago",NA,NA,NA
"862",34.1186174981878,-118.316689083162,NA,"LA",NA,NA,NA
"863",40.6592061458315,-73.9580692572257,NA,"NYC",NA,NA,NA
"864",40.7208695861578,-73.9795170606664,NA,"NYC",NA,NA,NA
"865",40.7965888659774,-73.9350109085097,NA,"NYC",NA,NA,NA
"866",40.7139913472824,-73.9475613506458,NA,"NYC",NA,NA,NA
"867",34.1617684886847,-118.359401457511,NA,"LA",NA,NA,NA
"868",40.7134988051393,-74.0068520005752,NA,"NYC",NA,NA,NA
"869",37.7719166112856,-122.443541508746,NA,"SF",NA,NA,NA
"870",40.6591456118732,-73.9600423758165,NA,"NYC",NA,NA,NA
"871",34.0230500009046,-118.197729331411,NA,"LA",NA,NA,NA
"872",40.7188853156629,-73.9579563880815,NA,"NYC",NA,NA,NA
"873",38.9324195952085,-77.0270269182981,NA,"DC",NA,NA,NA
"874",41.9068167662514,-87.6731271500944,NA,"Chicago",NA,NA,NA
"875",34.0688842635182,-118.25436217428,NA,"LA",NA,NA,NA
"876",34.2508599191662,-118.352997533683,NA,"LA",NA,NA,NA
"877",34.1243277026883,-118.191318301,NA,"LA",NA,NA,NA
"878",34.099754085993,-118.304748824329,NA,"LA",NA,NA,NA
"879",40.7807180749239,-73.9496492441407,NA,"NYC",NA,NA,NA
"880",40.7630901410524,-73.9915471959225,NA,"NYC",NA,NA,NA
"881",34.0213830334807,-118.395709930025,NA,"LA",NA,NA,NA
"882",34.1338071530201,-118.646694530604,NA,"LA",NA,NA,NA
"883",41.9967294568348,-87.6625953812975,NA,"Chicago",NA,NA,NA
"884",38.8860462305595,-77.0003605383336,NA,"DC",NA,NA,NA
"885",40.7178979248555,-73.9893131382007,NA,"NYC",NA,NA,NA
"886",40.751256596724,-73.9694535100628,NA,"NYC",NA,NA,NA
"887",34.10367122326,-118.33047617184,NA,"LA",NA,NA,NA
"888",40.8079169494495,-73.9672828738451,NA,"NYC",NA,NA,NA
"889",40.745383521506,-73.9213859423697,NA,"NYC",NA,NA,NA
"890",34.0189460867149,-118.490179680226,NA,"LA",NA,NA,NA
"891",33.7261669890237,-118.298099533789,NA,"LA",NA,NA,NA
"892",34.0776689144137,-118.349898494277,NA,"LA",NA,NA,NA
"893",40.7240122556792,-73.7290055879228,NA,"NYC",NA,NA,NA
"894",40.7294737950874,-73.9784992176954,NA,"NYC",NA,NA,NA
"895",41.95604241603,-87.6505165276889,NA,"Chicago",NA,NA,NA
"896",40.6971206072615,-73.9305492281117,NA,"NYC",NA,NA,NA
"897",40.6991841066183,-73.9451326134612,NA,"NYC",NA,NA,NA
"898",34.2059803598229,-118.382799697811,NA,"LA",NA,NA,NA
"899",40.7822467777635,-73.9536284588829,NA,"NYC",NA,NA,NA
"900",37.7872394680383,-122.396078802077,NA,"SF",NA,NA,NA
"901",34.0539917201442,-118.326754840625,NA,"LA",NA,NA,NA
"902",42.3321429870774,-71.0404889469073,NA,"Boston",NA,NA,NA
"903",40.7215596242943,-73.9886614541477,NA,"NYC",NA,NA,NA
"904",33.9963320676091,-118.449583122681,NA,"LA",NA,NA,NA
"905",40.7599491976529,-73.9943694125131,NA,"NYC",NA,NA,NA
"906",42.3697019232848,-71.0322830044495,NA,"Boston",NA,NA,NA
"907",37.7627620213497,-122.506234049839,NA,"SF",NA,NA,NA
"908",38.927286218182,-76.99720219201,NA,"DC",NA,NA,NA
"909",38.8981006315067,-76.9827028214195,NA,"DC",NA,NA,NA
"910",40.7112072681084,-74.0072570251488,NA,"NYC",NA,NA,NA
"911",40.7852107074977,-73.9500636421793,NA,"NYC",NA,NA,NA
"912",40.8315338351699,-73.9459298511826,NA,"NYC",NA,NA,NA
"913",34.1366795173459,-118.248294297994,NA,"LA",NA,NA,NA
"914",40.6874228386353,-73.9219770868312,NA,"NYC",NA,NA,NA
"915",37.7898707928982,-122.469007723769,NA,"SF",NA,NA,NA
"916",37.8027572754844,-122.424068284444,NA,"SF",NA,NA,NA
"917",40.801021531236,-73.94004790471,NA,"NYC",NA,NA,NA
"918",40.7297885637423,-74.0030546606123,NA,"NYC",NA,NA,NA
"919",40.7634704925359,-73.9169467749576,NA,"NYC",NA,NA,NA
"920",38.9424061883259,-77.0332114753327,NA,"DC",NA,NA,NA
"921",40.7360802062106,-74.0019764169285,NA,"NYC",NA,NA,NA
"922",34.0985391141,-118.322850028825,NA,"LA",NA,NA,NA
"923",34.1852051880504,-118.597014702679,NA,"LA",NA,NA,NA
"924",34.1390456402129,-118.387065736503,NA,"LA",NA,NA,NA
"925",40.7633959205551,-73.9886951340789,NA,"NYC",NA,NA,NA
"926",37.7877226748235,-122.412695869256,NA,"SF",NA,NA,NA
"927",34.152914920157,-118.143001487272,NA,"LA",NA,NA,NA
"928",40.652662967875,-73.9639536201329,NA,"NYC",NA,NA,NA
"929",40.7297227488297,-73.9551999299504,NA,"NYC",NA,NA,NA
"930",34.1084884122563,-118.299056010732,NA,"LA",NA,NA,NA
"931",40.7260145430639,-73.9767366071351,NA,"NYC",NA,NA,NA
"932",40.7664594574874,-73.9284732928374,NA,"NYC",NA,NA,NA
"933",42.3137753784062,-71.0551616962429,NA,"Boston",NA,NA,NA
"934",41.9039886056391,-87.6321095360784,NA,"Chicago",NA,NA,NA
"935",40.6609200068175,-73.9540058928903,NA,"NYC",NA,NA,NA
"936",40.7420229317794,-73.7882081869566,NA,"NYC",NA,NA,NA
"937",40.6740753590584,-73.9552908009263,NA,"NYC",NA,NA,NA
"938",34.0017017425335,-118.467879877596,NA,"LA",NA,NA,NA
"939",40.7196440126867,-73.955383426194,NA,"NYC",NA,NA,NA
"940",33.8215899419058,-118.388301809869,NA,"LA",NA,NA,NA
"941",37.788050595931,-122.41607199805,NA,"SF",NA,NA,NA
"942",40.7217610714966,-73.9952082555579,NA,"NYC",NA,NA,NA
"943",37.764973643712,-122.464519246847,NA,"SF",NA,NA,NA
"944",34.1959117164552,-118.456349234542,NA,"LA",NA,NA,NA
"945",33.9956570261756,-118.303089947383,NA,"LA",NA,NA,NA
"946",37.7619432212454,-122.480233091129,NA,"SF",NA,NA,NA
"947",40.6801501945655,-73.9355000916045,NA,"NYC",NA,NA,NA
"948",34.1776036159533,-118.506917026311,NA,"LA",NA,NA,NA
"949",37.7924643417671,-122.421779775792,NA,"SF",NA,NA,NA
"950",34.0652155884825,-118.374493417711,NA,"LA",NA,NA,NA
"951",34.0350031856959,-118.471252131198,NA,"LA",NA,NA,NA
"952",34.193133348788,-118.473295579652,NA,"LA",NA,NA,NA
"953",40.6865658308468,-73.9407158281733,NA,"NYC",NA,NA,NA
"954",34.1327394275238,-118.238091602934,NA,"LA",NA,NA,NA
"955",41.8945151195158,-87.6642306273442,NA,"Chicago",NA,NA,NA
"956",40.7407148906934,-74.0022763969035,NA,"NYC",NA,NA,NA
"957",40.6647660258531,-73.995164305138,NA,"NYC",NA,NA,NA
"958",38.9277359801697,-77.0308640292817,NA,"DC",NA,NA,NA
"959",40.7480162427414,-73.9746057722375,NA,"NYC",NA,NA,NA
"960",38.9235929258492,-77.0423890045989,NA,"DC",NA,NA,NA
"961",33.9738504179135,-117.904294277685,NA,"LA",NA,NA,NA
"962",37.7951661132943,-122.403753168467,NA,"SF",NA,NA,NA
"963",40.751341852194,-73.9680701284279,NA,"NYC",NA,NA,NA
"964",34.0403483500282,-118.311846177521,NA,"LA",NA,NA,NA
"965",40.7423912329193,-73.9838347167282,NA,"NYC",NA,NA,NA
"966",40.7770499546912,-73.9344307335194,NA,"NYC",NA,NA,NA
"967",34.1014296812697,-118.337852931718,NA,"LA",NA,NA,NA
"968",38.8899371167683,-76.9958665645089,NA,"DC",NA,NA,NA
"969",34.1849262458503,-118.518386158117,NA,"LA",NA,NA,NA
"970",34.1428539773454,-118.147738675152,NA,"LA",NA,NA,NA
"971",40.6899538827504,-73.9284370343914,NA,"NYC",NA,NA,NA
"972",41.8869767303746,-87.6221490852704,NA,"Chicago",NA,NA,NA
"973",34.0979605582898,-118.317956567634,NA,"LA",NA,NA,NA
"974",41.9086356839257,-87.6728755041784,NA,"Chicago",NA,NA,NA
"975",40.7118946217261,-73.9628222004893,NA,"NYC",NA,NA,NA
"976",34.1020647028806,-118.377739839812,NA,"LA",NA,NA,NA
"977",40.7672025863062,-73.9694961246269,NA,"NYC",NA,NA,NA
"978",34.0674675306974,-118.362080870277,NA,"LA",NA,NA,NA
"979",34.0532121761585,-118.78983069531,NA,"LA",NA,NA,NA
"980",33.9817816530094,-118.467167575404,NA,"LA",NA,NA,NA
"981",42.3563433412558,-71.149548200688,NA,"Boston",NA,NA,NA
"982",37.7949053820826,-122.427592680055,NA,"SF",NA,NA,NA
"983",40.7649583181556,-73.911694107163,NA,"NYC",NA,NA,NA
"984",38.8623521353021,-76.9873034844795,NA,"DC",NA,NA,NA
"985",33.7861877838167,-118.150098833617,NA,"LA",NA,NA,NA
"986",40.7642464454165,-73.9865414276781,NA,"NYC",NA,NA,NA
"987",37.8019158448,-122.42319192825,NA,"SF",NA,NA,NA
